{"cameraMode":{"drawMode":0,"name":"Shaded","section":"Shading Mode"},"sceneLighting":true,"audioPlay":false,"sceneViewState":{"showFog":true,"showMaterialUpdate":false,"showSkybox":true,"showFlares":true,"showImageEffects":true,"showParticleSystems":true},"in2DMode":false,"pivot":{"x":-1.27880859375,"y":0.827392578125,"z":-0.051025390625},"rotation":{"x":0.1361914575099945,"y":0.7849090099334717,"z":-0.18585243821144105,"w":0.5751770734786987},"size":3.8759925365448,"orthographic":true}