{"cameraMode":{"drawMode":0,"name":"Shaded","section":"Shading Mode"},"sceneLighting":true,"audioPlay":false,"sceneViewState":{"showFog":true,"showMaterialUpdate":false,"showSkybox":true,"showFlares":true,"showImageEffects":true,"showParticleSystems":true},"in2DMode":false,"pivot":{"x":-0.1269998550415039,"y":2.0930025577545168,"z":0.15000009536743165},"rotation":{"x":0.06960474699735642,"y":0.91903156042099,"z":-0.188690185546875,"w":0.3390166163444519},"size":40.010372161865237,"orthographic":true}